Observation date: 10th Nov 2017,,Calibration files: 10thNov/Cals/,,,Target 2,,Gain Flag,Description,,,overscan corr,,,,In mm,,Actual coords (mm),,,,,,,,,,
Folder,Filename,Filter,x pixel,y pixel,x pixel,y pixel,,,,,xpixel,ypixel,xp1/xp2,yp1/yp2,x,y,x,y,Radial dist (mm),Target mag,Mag err,Flux,FluxErr,,Flag,Flag definition,
10thNov/HZ2throughputTest,HZ2_locatingFrame2.fits,r',2814,2771,-1,-1,1,Diagonal test,,,2814,2721,2814,2721,42.21,40.82,-3.99,1.79,4.37,-11.2,0.00669,30533,188.2,,1,Science image from 10th Nov,
,HZ2throughputTest2.fits,r',2481,2490,-1,-1,1,,,,2481,2440,2481,2440,37.22,36.60,-8.99,-2.43,9.31,-11.3,0.00629,32387,187.6,,2,Science image from 1st Mar/27th Apr,
,HZ2throughputTest3.fits,r',1871,1920,-1,-1,1,,,,1871,1870,1871,1870,28.07,28.05,-18.14,-10.98,21.20,-11.3,0.00580,34252,182.9,,3,Guider image,
,HZ2throughputTest4.fits,r',1252,1343,-1,-1,1,,,,1252,1293,1252,1293,18.78,19.40,-27.42,-19.64,33.73,-11.3,0.00619,33739,192.5,,,,
,HZ2throughputTest5.fits,r',619,704,-1,-1,1,,,,619,654,619,654,9.29,9.81,-36.92,-29.22,47.08,-11.4,0.00590,35212,191.2,,,POINT1,
,HZ2throughputTest6.fits,r',566,422,-1,-1,1,,,,566,372,566,372,8.49,5.58,-37.71,-33.45,50.41,-11.3,0.00613,33921,191.5,,,-46.2,-39.03
,HZ2throughputTest7.fits,r',220,177,-1,-1,1,,,,220,127,220,127,3.30,1.91,-42.90,-37.13,56.73,-11.4,0.00567,35847,187.3,,,POINT2,
10thNov/HZ2throughputTowardGuider,HZ2_throughputTowardGuider10.fits,r',2819,3064,-1,-1,1,Horizontal test,,,2819,3014,2819,3014,42.29,45.21,-3.92,6.18,7.32,-11.1,0.00818,28173,212.4,,,-32.97,-41.43
,HZ2_throughputTowardGuider11.fits,r',2828,2507,-1,-1,1,,,,2828,2457,2828,2457,42.42,36.86,-3.78,-2.18,4.36,-10.9,0.00957,23943,211.0,,,,
,HZ2_throughputTowardGuider12.fits,r',2836,1942,-1,-1,1,,,,2836,1892,2836,1892,42.54,28.38,-3.66,-10.65,11.26,-11.2,0.00700,30250,195.1,,,,
,HZ2_throughputTowardGuider13.fits,r',2844,1376,-1,-1,1,,,,2844,1326,2844,1326,42.66,19.89,-3.54,-19.14,19.46,-11.2,0.00705,30805,200.1,,,,
,HZ2_throughputTowardGuider14.fits,r',2853,811,-1,-1,1,,,,2853,761,2853,761,42.80,11.42,-3.41,-27.62,27.82,-11.3,0.00642,32421,191.7,,,,
,HZ2_throughputTowardGuider15.fits,r',2862,237,-1,-1,1,,,,2862,187,2862,187,42.93,2.81,-3.27,-36.23,36.37,-11.3,0.00627,33031,190.8,,,,
,HZ2_throughPutTowardGuider_guide_16.fits,r',202,1952,-1,-1,3,,,,202,1936,1936,-202,29.04,-3.03,-3.93,-44.46,44.63,-11.5,0.00702,40035,259.0,,,,
,HZ2_throughPutTowardGuider_guide_17.fits,r',790,1955,-1,-1,3,,,,790,1939,1939,-790,29.09,-11.85,-3.89,-53.28,53.42,-11.4,0.00772,36586,260.3,,,,
,HZ2_throughPutTowardGuider_guide_18.fits,r',807,808,-1,-1,3,,,,807,792,792,-807,11.88,-12.11,-21.09,-53.54,57.54,-11.5,0.00605,39309,218.9,,,,
10thNov/HZ2uFilterComparison,HZ2_uFilterTest_guide_20.fits,u',804,816,-1,-1,3,Filter comparison,,,804,800,800,-804,12.00,-12.06,-20.97,-53.49,57.45,-9.2,0.02584,4929,117.3,,,,
,HZ2_uFilterTest24.fits,u',2571,2517,-1,-1,1,,,,2571,2467,2571,2467,38.57,37.01,-7.64,-2.03,7.90,-8.9,0.04342,3796,151.8,,,,
10thNov/LB227uFilterComparison,LB227_uFilterTest26.fits,u',2563,2536,-1,-1,1,Filter comparison,,,2563,2486,2563,2486,38.45,37.29,-7.76,-1.74,7.95,-7.3,0.11081,831,84.8,,,,
,LB227_uFilterTest_guide_37.fits,u',562,1088,-1,-1,3,,,,562,1072,1072,-562,16.08,-8.43,-16.89,-49.86,52.64,-7.3,0.12963,817,97.5,,,,
Observation date: 1st March 2018,,Calibration files: 1stMar/Cals/,,,,,,,,,,,,,,,,,,,,,,,,,
1stMar2/hz44/throughputTest_R,THROUGHPUT_TEST_R_HZ44_6.fits,r',5962,309,-1,-1,2,Diagonal test from bottom right corner to top left corner of the chip,,,5912,309,5851,5912,87.77,88.68,41.57,49.65,64.75,-14.0,0.00078,413330,296.5,,,,
,THROUGHPUT_TEST_R_HZ44_7.fits,r',5662,600,6140,770,2,,,,5612,600,5560,5612,83.40,84.18,37.20,45.15,58.50,-13.8,0.00088,346076,279.0,,,,
,THROUGHPUT_TEST_R_HZ44_8.fits,r',5354,891,5837,1061,2,,,,5304,891,5269,5304,79.04,79.56,32.84,40.53,52.16,-14.0,0.00078,408469,294.2,,,,
,THROUGHPUT_TEST_R_HZ44_9.fits,r',5063,1174,5536,1345,2,,,,5013,1174,4986,5013,74.79,75.20,28.59,36.17,46.10,-13.9,0.00088,348392,281.4,,,,
,THROUGHPUT_TEST_R_HZ44_10.fits,r',4763,1457,5236,1633,2,,,,4713,1457,4703,4713,70.55,70.70,24.35,31.67,39.94,-14.0,0.00082,383180,290.8,,,,
,THROUGHPUT_TEST_R_HZ44_11.fits,r',4472,1749,4939,1913,2,,,,4422,1749,4411,4422,66.17,66.33,19.97,27.30,33.82,-13.7,0.00093,315820,270.1,,,,
,THROUGHPUT_TEST_R_HZ44_12.fits,r',4180,2024,4647,2193,2,,,,4130,2024,4136,4130,62.04,61.95,15.84,22.92,27.86,-13.9,0.00083,372042,285.4,,,,
,THROUGHPUT_TEST_R_HZ44_13.fits,r',3889,2298,4359,2469,2,,,,3839,2298,3862,3839,57.93,57.59,11.73,18.56,21.95,-14.0,0.00081,387157,289.1,,,,
,THROUGHPUT_TEST_R_HZ44_14.fits,r',3606,2581,4067,2753,2,,,,3556,2581,3579,3556,53.69,53.34,7.48,14.31,16.15,-13.9,0.00086,355441,280.0,,,,
,THROUGHPUT_TEST_R_HZ44_15.fits,r',3314,2856,3783,3029,2,,,,3264,2856,3304,3264,49.56,48.96,3.36,9.93,10.48,-14.0,0.00080,390943,288.4,,,,
,THROUGHPUT_TEST_R_HZ44_17.fits,r',3031,3131,3495,3305,2,,,,2981,3131,3029,2981,45.44,44.72,-0.77,5.69,5.74,-13.9,0.00084,370452,285.4,,,,
,THROUGHPUT_TEST_R_HZ44_18.fits,r',2740,3414,3207,3581,2,,,,2690,3414,2746,2690,41.19,40.35,-5.01,1.32,5.18,-14.0,0.00082,381111,288.1,,,,
,THROUGHPUT_TEST_R_HZ44_19.fits,r',2457,3689,2923,3861,2,,,,2407,3689,2471,2407,37.07,36.11,-9.14,-2.93,9.59,-14.0,0.00082,383347,289.3,,,,
,THROUGHPUT_TEST_R_HZ44_20.fits,r',2166,3963,2635,4137,2,,,,2116,3963,2197,2116,32.96,31.74,-13.25,-7.29,15.12,-14.0,0.00083,385260,292.9,,,,
,THROUGHPUT_TEST_R_HZ44_21.fits,r',1882,4247,2347,4417,2,,,,1832,4247,1913,1832,28.70,27.48,-17.51,-11.55,20.97,-14.0,0.00081,390359,290.5,,,,
,THROUGHPUT_TEST_R_HZ44_22.fits,r',1591,4521,2059,4697,2,,,,1541,4521,1639,1541,24.59,23.12,-21.62,-15.92,26.84,-13.9,0.00086,367231,290.4,,,,
,THROUGHPUT_TEST_R_HZ44_24.fits,r',1308,4813,1776,4978,2,,,,1258,4813,1347,1258,20.21,18.87,-26.00,-20.16,32.90,-13.8,0.00093,318963,272.5,,,,
,THROUGHPUT_TEST_R_HZ44_25.fits,r',1008,5087,1485,5261,2,,,,958,5087,1073,958,16.10,14.37,-30.11,-24.66,38.92,-14.0,0.00082,388718,292.5,,,,
,THROUGHPUT_TEST_R_HZ44_27.fits,r',717,5379,1188,5549,2,,,,667,5379,781,667,11.72,10.01,-34.49,-29.03,45.07,-14.1,0.00077,417887,295.8,,,,
,THROUGHPUT_TEST_R_HZ44_28.fits,r',420,5669,895,5837,2,,,,,,,,,,,,,,,,,,,,
,THROUGHPUT_TEST_R_HZ44_29.fits,r',117,5962,-1,-1,2,,,,67,5962,198,67,2.97,1.01,-43.23,-38.03,57.57,-14.0,0.00080,401115,294.1,,,,
1stMar/hz44/throughputTest_R/towardGuider/,THROUGHPUT_HORIZ_R_44.fits,r',2944,3393,2457,2723,2,Horizontal test,,,2894,3293,2867,2894,43.01,43.41,-3.20,4.38,5.42,-13.9,0.00083,367876,281.8,,,,
,THROUGHPUT_HORIZ_R_45.fits,r',2665,3384,2177,2719,2,,,,2615,3284,2876,2615,43.14,39.23,-3.06,0.20,3.07,-13.8,0.00092,320991,270.6,,,,
,THROUGHPUT_HORIZ_R_46.fits,r',2377,3384,1893,2711,2,,,,2327,3284,2876,2327,43.14,34.91,-3.06,-4.13,5.14,-13.9,0.00086,348668,277.1,,,,
,THROUGHPUT_HORIZ_R_47.fits,r',2104,3382,1613,2711,2,,,,2054,3282,2878,2054,43.17,30.81,-3.03,-8.22,8.76,-13.7,0.00094,301004,260.6,,,,
,THROUGHPUT_HORIZ_R_48.fits,r',1820,3373,1329,2707,2,,,,1770,3273,2887,1770,43.31,26.55,-2.90,-12.48,12.81,-13.9,0.00083,367738,280.3,,,,
,THROUGHPUT_HORIZ_R_49.fits,r',1536,3373,1045,2699,2,,,,1486,3273,2887,1486,43.31,22.29,-2.90,-16.74,16.99,-13.9,0.00084,362505,279.5,,,,
,THROUGHPUT_HORIZ_R_50.fits,r',1252,3365,761,2695,2,,,,1202,3265,2895,1202,43.43,18.03,-2.78,-21.00,21.18,-13.9,0.00083,369644,282.3,,,,
,THROUGHPUT_HORIZ_R_51.fits,r',968,3365,477,2691,2,,,,918,3265,2895,918,43.43,13.77,-2.78,-25.26,25.41,-13.9,0.00086,347173,274.9,,,,
,THROUGHPUT_HORIZ_R_52.fits,r',684,3357,189,2687,2,,,,634,3257,2903,634,43.55,9.51,-2.66,-29.52,29.64,-14.0,0.00079,393580,286.5,,,,
,THROUGHPUT_HORIZ_R_53.fits,r',400,3357,-1,-1,2,,,,350,3257,2903,350,43.55,5.25,-2.66,-33.78,33.88,-13.9,0.00082,373468,281.3,,,,
,THROUGHPUT_HORIZ_R_54.fits,r',116,3348,-1,-1,2,,,,66,3248,2912,66,43.68,0.99,-2.52,-38.04,38.12,-13.9,0.00081,378906,283.9,,,,
,THROUGHPUT_HORIZ_R__guide_55.fits,r',995,85,-1,-1,3,,,,995,69,1995,-37,29.93,-0.56,-3.05,-41.99,42.10,-13.7,0.00097,306577,273.7,,,,
,THROUGHPUT_HORIZ_R__guide_56.fits,r',705,85,-1,-1,3,,,,705,69,1995,-327,29.93,-4.91,-3.05,-46.34,46.43,-13.7,0.00095,305169,265.8,,,,
,THROUGHPUT_HORIZ_R__guide_57.fits,r',700,369,-1,-1,3,,,,700,353,1711,-332,25.67,-4.98,-7.31,-46.41,46.98,-13.7,0.00096,300292,265.2,,,,
,THROUGHPUT_HORIZ_R__guide_58.fits,r',697,653,182,79,3,,,,697,637,1427,-335,21.41,-5.03,-11.57,-46.46,47.87,-13.7,0.00094,311423,268.2,,,,
,THROUGHPUT_HORIZ_R__guide_59.fits,r',691,943,179,366,3,,,,691,927,1137,-341,17.06,-5.12,-15.92,-46.55,49.19,-13.7,0.00094,308277,267.4,,,,
,THROUGHPUT_HORIZ_R__guide_60.fits,r',686,1227,173,655,3,,,,686,1211,853,-346,12.80,-5.19,-20.18,-46.62,50.80,-13.7,0.00094,310818,269.2,,,,
,THROUGHPUT_HORIZ_R__guide_61.fits,r',680,1516,168,942,3,,,,680,1500,564,-352,8.46,-5.28,-24.51,-46.71,52.75,-13.7,0.00093,314642,270.2,,,,
,THROUGHPUT_HORIZ_R__guide_62.fits,r',672,1803,162,1229,3,,,,672,1787,277,-360,4.16,-5.40,-28.82,-46.83,54.99,-13.7,0.00095,308516,268.8,,,,
1stMar/hz44/throughputTest_U,THROUGHPUT_TEST_U_7.fits,u',6126,170,-1,-1,2,Diagonal test from bottom right,,,5976,170,5990,5976,89.85,89.64,43.65,50.61,66.83,-12.3,0.00199,79856,146.0,,,,
,THROUGHPUT_TEST_U_8.fits,u',5821,466,-1,-1,2,,,,5671,466,5694,5671,85.41,85.07,39.21,46.04,60.47,-12.3,0.00181,87018,144.8,,,,
,THROUGHPUT_TEST_U_9.fits,u',5517,754,-1,-1,2,,,,5367,754,5406,5367,81.09,80.51,34.89,41.48,54.20,-12.3,0.00186,85198,145.8,,,,
,THROUGHPUT_TEST_U_10.fits,u',5221,1041,-1,-1,2,,,,5071,1041,5119,5071,76.79,76.07,30.59,37.04,48.03,-12.3,0.00188,84588,146.1,,,,
,THROUGHPUT_TEST_U_11_o1.fits,u',4924,1329,-1,-1,2,,,,4774,1329,4831,4774,72.47,71.61,26.27,32.58,41.85,-12.3,0.00186,84090,144.2,,,,
,THROUGHPUT_TEST_U_12_o1.fits,u',4628,1608,-1,-1,2,,,,4478,1608,4552,4478,68.28,67.17,22.08,28.14,35.77,-12.2,0.00203,77463,144.6,,,,
,THROUGHPUT_TEST_U_13_o1.fits,u',4341,1896,-1,-1,2,,,,4191,1896,4264,4191,63.96,62.87,17.76,23.84,29.72,-12.2,0.00201,75657,140.2,,,,
,THROUGHPUT_TEST_U_14_o1.fits,u',4053,2175,-1,-1,2,,,,3903,2175,3985,3903,59.78,58.55,13.58,19.52,23.77,-12.1,0.00218,68258,137.2,,,,
,THROUGHPUT_TEST_U_15_o1.fits,u',3765,2446,-1,-1,2,,,,3615,2446,3714,3615,55.71,54.23,9.51,15.20,17.93,-12.0,0.00238,62675,137.4,,,,
,THROUGHPUT_TEST_U_16_o1.fits,u',3478,2725,-1,-1,2,,,,3328,2725,3435,3328,51.53,49.92,5.33,10.89,12.12,-12.1,0.00218,67813,136.3,,,,
,THROUGHPUT_TEST_U_17.fits,u',3088,3004,-1,-1,2,,,,3038,3004,3156,3038,47.34,45.57,1.14,6.54,6.64,-12.1,0.00205,72137,136.4,,,,
,THROUGHPUT_TEST_U_18.fits,u',2801,3385,-1,-1,2,,,,2751,3285,2875,2751,43.13,41.27,-3.08,2.24,3.80,-11.9,0.00249,57397,131.8,,,,
,THROUGHPUT_TEST_U_20.fits,u',2521,3664,-1,-1,2,,,,2471,3564,2596,2471,38.94,37.07,-7.26,-1.97,7.52,-12.1,0.00220,69218,140.6,,,,
,THROUGHPUT_TEST_U_21.fits,u',2233,3943,-1,-1,2,,,,2183,3843,2317,2183,34.76,32.75,-11.45,-6.29,13.06,-11.9,0.00251,59091,136.6,,,,
,THROUGHPUT_TEST_U_22.fits,u',1955,4212,-1,-1,2,,,,1905,4112,2048,1905,30.72,28.58,-15.48,-10.46,18.68,-11.8,0.00287,50267,133.1,,,,
,THROUGHPUT_TEST_U_23.fits,u',1659,4493,-1,-1,2,,,,1609,4393,1767,1609,26.51,24.14,-19.70,-14.90,24.69,-12.0,0.00233,64580,138.5,,,,
,THROUGHPUT_TEST_U_24.fits,u',1371,4781,-1,-1,2,,,,1321,4681,1479,1321,22.19,19.82,-24.02,-19.22,30.76,-12.2,0.00202,75627,141.0,,,,
,THROUGHPUT_TEST_U_25.fits,u',1083,5060,-1,-1,2,,,,1033,4960,1200,1033,18.00,15.50,-28.20,-23.54,36.73,-12.2,0.00211,74017,144.1,,,,
,THROUGHPUT_TEST_U_26.fits,u',787,5348,-1,-1,2,,,,737,5248,912,737,13.68,11.06,-32.52,-27.98,42.90,-12.2,0.00199,77517,141.9,,,,
,THROUGHPUT_TEST_U_27.fits,u',499,5643,-1,-1,2,,,,449,5543,617,449,9.26,6.74,-36.95,-32.30,49.07,-12.1,0.00211,72406,140.6,,,,
,THROUGHPUT_TEST_U_28.fits,u',194,5932,-1,-1,2,,,,144,5832,328,144,4.92,2.16,-41.28,-36.87,55.35,-12.3,0.00187,83309,143.4,,,,
1stMar/hz44/throughputTest_U/towardGuider,THROUGHPUT_HORIZ_U_39.fits,u',2945,3495,-1,-1,2,Horizontal test U,,,2895,3395,2765,2895,41.48,43.43,-4.73,4.40,6.45,-11.5,0.00363,40081,134.0,,,,
,THROUGHPUT_HORIZ_U_40.fits,u',2657,3486,-1,-1,2,,,,2607,3386,2774,2607,41.61,39.11,-4.59,0.07,4.59,-12.0,0.00234,63099,136.0,,,,
,THROUGHPUT_HORIZ_U_41.fits,u',2378,3478,-1,-1,2,,,,2328,3378,2782,2328,41.73,34.92,-4.47,-4.11,6.07,-11.7,0.00316,46259,134.8,,,,
,THROUGHPUT_HORIZ_U_42.fits,u',2098,3478,-1,-1,2,,,,2048,3378,2782,2048,41.73,30.72,-4.47,-8.31,9.44,-12.0,0.00239,61661,135.7,,,,
,THROUGHPUT_HORIZ_U_43.fits,u',1811,3478,-1,-1,2,,,,1761,3378,2782,1761,41.73,26.42,-4.47,-12.62,13.38,-12.0,0.00231,63299,134.8,,,,
,THROUGHPUT_HORIZ_U_44.fits,u',1532,3469,-1,-1,2,,,,1482,3369,2791,1482,41.87,22.23,-4.34,-16.80,17.35,-12.0,0.00228,64785,136.1,,,,
,THROUGHPUT_HORIZ_U_45.fits,u',1244,3469,-1,-1,2,,,,1194,3369,2791,1194,41.87,17.91,-4.34,-21.12,21.56,-12.1,0.00213,68919,135.0,,,,
,THROUGHPUT_HORIZ_U_46.fits,u',965,3461,-1,-1,2,,,,915,3361,2799,915,41.99,13.73,-4.22,-25.31,25.65,-12.1,0.00224,66373,137.2,,,,
,THROUGHPUT_HORIZ_U_47.fits,u',677,3461,-1,-1,2,,,,627,3361,2799,627,41.99,9.41,-4.22,-29.63,29.92,-12.1,0.00212,70279,137.4,,,,
,THROUGHPUT_HORIZ_U_48.fits,u',389,3453,-1,-1,2,,,,339,3353,2807,339,42.11,5.09,-4.10,-33.95,34.19,-12.1,0.00225,67796,140.4,,,,
,THROUGHPUT_HORIZ_U_49.fits,u',102,3453,-1,-1,2,,,,52,3353,2807,52,42.11,0.78,-4.10,-38.25,38.47,-12.1,0.00212,71177,138.7,,,,
,THROUGHPUT_HORIZ_U__guide_50.fits,u',989,189,-1,-1,3,,,,989,173,1891,-43,28.37,-0.65,-4.61,-42.08,42.33,-12.0,0.00244,62570,140.5,,,,
,THROUGHPUT_HORIZ_U__guide_51.fits,u',697,186,-1,-1,3,,,,697,170,1894,-335,28.41,-5.03,-4.56,-46.46,46.68,-12.0,0.00236,64353,139.7,,,,
,THROUGHPUT_HORIZ_U__guide_52.fits,u',405,186,-1,-1,3,,,,405,170,1894,-627,28.41,-9.41,-4.56,-50.84,51.04,-12.1,0.00221,69332,141.3,,,,
,THROUGHPUT_HORIZ_U__guide_53.fits,u',396,478,-1,-1,3,,,,396,462,1602,-636,24.03,-9.54,-8.94,-50.97,51.75,-12.0,0.00231,65786,139.8,,,,
,THROUGHPUT_HORIZ_U__guide_54.fits,u',393,760,-1,-1,3,,,,393,744,1320,-639,19.80,-9.59,-13.17,-51.02,52.69,-12.1,0.00228,67436,141.3,,,,
,THROUGHPUT_HORIZ_U__guide_55.fits,u',385,1049,-1,-1,3,,,,385,1033,1031,-647,15.47,-9.71,-17.51,-51.14,54.05,-12.1,0.00223,70237,144.4,,,,
,THROUGHPUT_HORIZ_U__guide_56.fits,u',379,1336,-1,-1,3,,,,379,1320,744,-653,11.16,-9.80,-21.81,-51.23,55.67,-12.2,0.00210,75171,145.2,,,,
,THROUGHPUT_HORIZ_U__guide_57.fits,u',374,1626,-1,-1,3,,,,374,1610,454,-658,6.81,-9.87,-26.16,-51.30,57.59,-12.2,0.00217,72722,145.6,,,,
,THROUGHPUT_HORIZ_U__guide_58.fits,u',362,1916,-1,-1,3,,,,362,1900,164,-670,2.46,-10.05,-30.51,-51.48,59.84,-12.1,0.00236,66965,145.4,,,,
1stMar/feige92/throughputTest_R,THROUGHPUT_TEST_R_FEIGE92_5.fits,r',5965,364,-1,-1,2,Diagonal test R,,,5815,364,5796,5815,86.94,87.23,40.74,48.20,63.11,-14.1,0.00078,418233,301.0,,,,
,THROUGHPUT_TEST_R_FEIGE92_6.fits,r',5660,651,-1,-1,2,,,,5510,651,5509,5510,82.64,82.65,36.44,43.62,56.83,-13.7,0.00106,290169,283.9,,,,
,THROUGHPUT_TEST_R_FEIGE92_7.fits,r',5364,948,-1,-1,2,,,,5214,948,5212,5214,78.18,78.21,31.98,39.18,50.57,-14.1,0.00076,432552,301.5,,,,
,THROUGHPUT_TEST_R_FEIGE92_8.fits,r',5059,1227,-1,-1,2,,,,4909,1227,4933,4909,74.00,73.64,27.80,34.61,44.39,-13.8,0.00093,323100,277.1,,,,
,THROUGHPUT_TEST_R_FEIGE92_9.fits,r',4772,1514,-1,-1,2,,,,4622,1514,4646,4622,69.69,69.33,23.49,30.30,38.34,-14.0,0.00080,396243,292.5,,,,
,THROUGHPUT_TEST_R_FEIGE92_10.fits,r',4475,1794,-1,-1,2,,,,4325,1794,4366,4325,65.49,64.88,19.29,25.85,32.25,-13.8,0.00092,329024,277.8,,,,
,THROUGHPUT_TEST_R_FEIGE92_11.fits,r',4188,2073,-1,-1,2,,,,4038,2073,4087,4038,61.31,60.57,15.11,21.54,26.31,-14.0,0.00081,383071,285.9,,,,
,THROUGHPUT_TEST_R_FEIGE92_12.fits,r',3900,2352,-1,-1,2,,,,3750,2352,3808,3750,57.12,56.25,10.92,17.22,20.39,-13.8,0.00089,344481,280.8,,,,
,THROUGHPUT_TEST_R_FEIGE92_13.fits,r',3612,2631,-1,-1,2,,,,3462,2631,3529,3462,52.94,51.93,6.73,12.90,14.55,-13.8,0.00092,323267,274.1,,,,
,THROUGHPUT_TEST_R_FEIGE92_14.fits,r',3325,2902,-1,-1,2,,,,3175,2902,3258,3175,48.87,47.63,2.67,8.60,9.00,-13.6,0.00104,285589,272.6,,,,
,THROUGHPUT_TEST_R_FEIGE92_15.fits,r',2944,3283,-1,-1,2,,,,2894,3183,2977,2894,44.66,43.41,-1.55,4.38,4.64,-13.8,0.00093,321694,275.5,,,,
,THROUGHPUT_TEST_R_FEIGE92_16.fits,r',2656,3562,-1,-1,2,,,,2606,3462,2698,2606,40.47,39.09,-5.73,0.06,5.73,-13.8,0.00091,325219,273.8,,,,
,THROUGHPUT_TEST_R_FEIGE92_17.fits,r',2369,3841,-1,-1,2,,,,2319,3741,2419,2319,36.29,34.79,-9.92,-4.25,10.79,-13.8,0.00090,330485,274.7,,,,
,THROUGHPUT_TEST_R_FEIGE92_18.fits,r',2081,4112,-1,-1,2,,,,2031,4012,2148,2031,32.22,30.47,-13.98,-8.57,16.40,-13.6,0.00105,275638,265.5,,,,
,THROUGHPUT_TEST_R_FEIGE92_19.fits,r',1793,4400,-1,-1,2,,,,1743,4300,1860,1743,27.90,26.15,-18.30,-12.89,22.38,-13.6,0.00106,273204,267.8,,,,
,THROUGHPUT_TEST_R_FEIGE92_20.fits,r',1506,4679,-1,-1,2,,,,1456,4579,1581,1456,23.72,21.84,-22.49,-17.19,28.30,-13.8,0.00087,344928,277.5,,,,
,THROUGHPUT_TEST_R_FEIGE92_21.fits,r',1218,4958,-1,-1,2,,,,1168,4858,1302,1168,19.53,17.52,-26.67,-21.51,34.26,-13.8,0.00089,341458,281.3,,,,
,THROUGHPUT_TEST_R_FEIGE92_22.fits,r',930,5246,-1,-1,2,,,,880,5146,1014,880,15.21,13.20,-30.99,-25.83,40.34,-13.8,0.00096,322315,285.8,,,,
,THROUGHPUT_TEST_R_FEIGE92_23.fits,r',634,5533,-1,-1,2,,,,584,5433,727,584,10.91,8.76,-35.30,-30.27,46.50,-13.8,0.00094,331314,288.0,,,,
,THROUGHPUT_TEST_R_FEIGE92_24.fits,r',338,5821,-1,-1,2,,,,288,5721,439,288,6.59,4.32,-39.62,-34.71,52.67,-13.7,0.00099,310300,282.4,,,,
1stMar/feige92/throughputTest_R/towardGuider,THROUGHPUT_HORIZ_R_FEIGE92_29.fits,r',2936,3350,-1,-1,2,Horizontal test R,,,2886,3250,2910,2886,43.65,43.29,-2.55,4.26,4.96,-13.7,0.00097,304492,271.9,,,,
,THROUGHPUT_HORIZ_R_FEIGE92_30.fits,r',2656,3350,-1,-1,2,,,,2606,3250,2910,2606,43.65,39.09,-2.55,0.06,2.55,-13.6,0.00105,274657,264.8,,,,
,THROUGHPUT_HORIZ_R_FEIGE92_31.fits,r',2369,3342,-1,-1,2,,,,2319,3242,2918,2319,43.77,34.79,-2.43,-4.25,4.89,-13.5,0.00115,241317,256.7,,,,
,THROUGHPUT_HORIZ_R_FEIGE92_32.fits,r',2090,3334,-1,-1,2,,,,2040,3234,2926,2040,43.89,30.60,-2.31,-8.43,8.74,-13.4,0.00116,235345,251.5,,,,
,THROUGHPUT_HORIZ_R_FEIGE92_33.fits,r',1810,3334,-1,-1,2,,,,1760,3234,2926,1760,43.89,26.40,-2.31,-12.63,12.84,-13.6,0.00103,279837,264.8,,,,
,THROUGHPUT_HORIZ_R_FEIGE92_34.fits,r',1531,3325,-1,-1,2,,,,1481,3225,2935,1481,44.03,22.22,-2.18,-16.82,16.96,-13.6,0.00102,285715,267.9,,,,
,THROUGHPUT_HORIZ_R_FEIGE92_35.fits,r',1252,3325,-1,-1,2,,,,1202,3225,2935,1202,44.03,18.03,-2.18,-21.00,21.11,-13.7,0.00097,307375,275.2,,,,
,THROUGHPUT_HORIZ_R_FEIGE92_36.fits,r',964,3325,-1,-1,2,,,,914,3225,2935,914,44.03,13.71,-2.18,-25.32,25.41,-13.7,0.00098,298273,269.5,,,,
,THROUGHPUT_HORIZ_R_FEIGE92_37.fits,r',677,3317,-1,-1,2,,,,627,3217,2943,627,44.15,9.41,-2.06,-29.63,29.70,-13.7,0.00097,303711,271.0,,,,
,THROUGHPUT_HORIZ_R_FEIGE92_38.fits,r',397,3317,-1,-1,2,,,,347,3217,2943,347,44.15,5.21,-2.06,-33.83,33.89,-13.9,0.00088,349879,285.1,,,,
,THROUGHPUT_HORIZ_R_FEIGE92_39.fits,r',110,3308,-1,-1,2,,,,60,3208,2952,60,44.28,0.90,-1.92,-38.13,38.18,-13.5,0.00112,257999,266.8,,,,
,THROUGHPUT_HORIZ_R_FEIGE92__guide_40.fits,r',992,48,-1,-1,3,,,,992,32,2032,-40,30.48,-0.60,-2.49,-42.03,42.10,-13.5,0.00125,257629,295.5,,,,
,THROUGHPUT_HORIZ_R_FEIGE92__guide_41.fits,r',699,48,-1,-1,3,,,,699,32,2032,-333,30.48,-5.00,-2.49,-46.43,46.49,-13.7,0.00111,299414,306.1,,,,
,THROUGHPUT_HORIZ_R_FEIGE92__guide_42.fits,r',407,45,-1,-1,3,,,,407,29,2035,-625,30.53,-9.38,-2.45,-50.81,50.86,-13.6,0.00124,268998,306.2,,,,
,THROUGHPUT_HORIZ_R_FEIGE92__guide_43.fits,r',401,332,-1,-1,3,,,,401,316,1748,-631,26.22,-9.47,-6.75,-50.90,51.34,-13.6,0.00106,266591,260.0,,,,
,THROUGHPUT_HORIZ_R_FEIGE92__guide_44.fits,r',398,619,-1,-1,3,,,,398,603,1461,-634,21.92,-9.51,-11.06,-50.94,52.13,-13.6,0.00104,279756,268.6,,,,
,THROUGHPUT_HORIZ_R_FEIGE92__guide_45.fits,r',393,903,-1,-1,3,,,,393,887,1177,-639,17.66,-9.59,-15.32,-51.02,53.26,-13.5,0.00113,253317,264.4,,,,
,THROUGHPUT_HORIZ_R_FEIGE92__guide_46.fits,r',387,1192,-1,-1,3,,,,387,1176,888,-645,13.32,-9.68,-19.65,-51.11,54.75,-13.6,0.00101,288136,268.6,,,,
,THROUGHPUT_HORIZ_R_FEIGE92__guide_47.fits,r',379,1479,-1,-1,3,,,,379,1463,601,-653,9.02,-9.80,-23.96,-51.23,56.55,-13.5,0.00116,242783,258.8,,,,
,THROUGHPUT_HORIZ_R_FEIGE92__guide_48.fits,r',373,1769,-1,-1,3,,,,373,1753,311,-659,4.67,-9.89,-28.31,-51.32,58.60,-13.5,0.00112,252088,261.0,,,,
1stMar/feige92/throughputTest_U,THROUGHPUT_TEST_DIAG_U_FIEGE92_6.fits,u',5965,389,-1,-1,2,Diagonal test U,,,5815,389,5771,5815,86.57,87.23,40.37,48.20,62.87,-11.3,0.00356,34468,113.1,,,,
,THROUGHPUT_TEST_DIAG_U_FIEGE92_7.fits,u',5660,677,-1,-1,2,,,,5510,677,5483,5510,82.25,82.65,36.05,43.62,56.59,-11.3,0.00372,33140,113.4,,,,
,THROUGHPUT_TEST_DIAG_U_FIEGE92_8.fits,u',5364,965,-1,-1,2,,,,5214,965,5195,5214,77.93,78.21,31.73,39.18,50.41,-11.3,0.00370,32774,111.6,,,,
,THROUGHPUT_TEST_DIAG_U_FIEGE92_9.fits,u',5059,1252,-1,-1,2,,,,4909,1252,4908,4909,73.62,73.64,27.42,34.61,44.15,-11.2,0.00383,31448,110.8,,,,
,THROUGHPUT_TEST_DIAG_U_FIEGE92_10.fits,u',4772,1540,-1,-1,2,,,,4622,1540,4620,4622,69.30,69.33,23.10,30.30,38.10,-11.4,0.00340,34827,109.0,,,,
,THROUGHPUT_TEST_DIAG_U_FIEGE92_11.fits,u',4475,1819,-1,-1,2,,,,4325,1819,4341,4325,65.12,64.88,18.92,25.85,32.03,-11.3,0.00353,32624,106.0,,,,
,THROUGHPUT_TEST_DIAG_U_FIEGE92_12.fits,u',4188,2098,-1,-1,2,,,,4038,2098,4062,4038,60.93,60.57,14.73,21.54,26.09,-11.2,0.00368,31305,106.3,,,,
,THROUGHPUT_TEST_DIAG_U_FIEGE92_13.fits,u',3900,2377,-1,-1,2,,,,3750,2377,3783,3750,56.75,56.25,10.55,17.22,20.19,-11.2,0.00384,29910,105.9,,,,
,THROUGHPUT_TEST_DIAG_U_FIEGE92_14.fits,u',3612,2657,-1,-1,2,,,,3462,2657,3503,3462,52.55,51.93,6.34,12.90,14.38,-11.1,0.00392,28348,102.3,,,,
,THROUGHPUT_TEST_DIAG_U_FIEGE92_15.fits,u',3325,2936,-1,-1,2,,,,3175,2936,3224,3175,48.36,47.63,2.16,8.60,8.86,-11.0,0.00463,24381,104.0,,,,
,THROUGHPUT_TEST_DIAG_U_FIEGE92_16.fits,u',2944,3308,-1,-1,2,,,,2894,3208,2952,2894,44.28,43.41,-1.92,4.38,4.78,-10.9,0.00510,23121,108.7,,,,
,THROUGHPUT_TEST_DIAG_U_FIEGE92_17.fits,u',2656,3587,-1,-1,2,,,,2606,3487,2673,2606,40.10,39.09,-6.11,0.06,6.11,-10.9,0.00519,22156,106.0,,,,
,THROUGHPUT_TEST_DIAG_U_FIEGE92_18.fits,u',2369,3867,-1,-1,2,,,,2319,3767,2393,2319,35.90,34.79,-10.31,-4.25,11.15,-11.0,0.00434,25924,103.6,,,,
,THROUGHPUT_TEST_DIAG_U_FIEGE92_19.fits,u',2081,4146,-1,-1,2,,,,2031,4046,2114,2031,31.71,30.47,-14.49,-8.57,16.83,-10.9,0.00480,23576,104.1,,,,
,THROUGHPUT_TEST_DIAG_U_FIEGE92_20.fits,u',1793,4425,-1,-1,2,,,,1743,4325,1835,1743,27.53,26.15,-18.68,-12.89,22.69,-11.1,0.00428,26469,104.4,,,,
,THROUGHPUT_TEST_DIAG_U_FIEGE92_21.fits,u',1506,4704,-1,-1,2,,,,1456,4604,1556,1456,23.34,21.84,-22.86,-17.19,28.60,-11.0,0.00486,24073,107.7,,,,
,THROUGHPUT_TEST_DIAG_U_FIEGE92_22.fits,u',1218,4992,-1,-1,2,,,,1168,4892,1268,1168,19.02,17.52,-27.18,-21.51,34.66,-11.2,0.00370,31144,106.1,,,,
,THROUGHPUT_TEST_DIAG_U_FIEGE92_23.fits,u',930,5271,-1,-1,2,,,,880,5171,989,880,14.84,13.20,-31.37,-25.83,40.63,-11.1,0.00421,28075,108.8,,,,
,THROUGHPUT_TEST_DIAG_U_FIEGE92_24.fits,u',634,5567,-1,-1,2,,,,584,5467,693,584,10.40,8.76,-35.81,-30.27,46.89,-11.2,0.00373,31013,106.7,,,,
1stMar/feige92/throughputTest_U/towardGuider,THROUGHPUT_HORIZ_U_FIEGE9230.fits,u',2910,3444,-1,-1,2,Horizontal test U,,,2860,3344,2816,2860,42.24,42.90,-3.96,3.87,5.54,-10.9,0.00518,22151,105.8,,,,
,THROUGHPUT_HORIZ_U_FIEGE9231.fits,u',2631,3444,-1,-1,2,,,,2581,3344,2816,2581,42.24,38.72,-3.96,-0.32,3.97,-11.0,0.00467,24059,103.4,,,,
,THROUGHPUT_HORIZ_U_FIEGE9232.fits,u',2352,3435,-1,-1,2,,,,2302,3335,2825,2302,42.38,34.53,-3.83,-4.50,5.91,-10.9,0.00507,22594,105.6,,,,
,THROUGHPUT_HORIZ_U_FIEGE9233.fits,u',2064,3435,-1,-1,2,,,,2014,3335,2825,2014,42.38,30.21,-3.83,-8.82,9.61,-10.8,0.00559,20666,106.3,,,,
,THROUGHPUT_HORIZ_U_FIEGE9234.fits,u',1785,3427,-1,-1,2,,,,1735,3327,2833,1735,42.50,26.03,-3.71,-13.01,13.52,-10.9,0.00486,23091,103.5,,,,
,THROUGHPUT_HORIZ_U_FIEGE9235.fits,u',1506,3427,-1,-1,2,,,,1456,3327,2833,1456,42.50,21.84,-3.71,-17.19,17.58,-11.1,0.00399,27679,101.8,,,,
,THROUGHPUT_HORIZ_U_FIEGE9236.fits,u',1218,3427,-1,-1,2,,,,1168,3327,2833,1168,42.50,17.52,-3.71,-21.51,21.83,-10.8,0.00532,21491,105.4,,,,
,THROUGHPUT_HORIZ_U_FIEGE9237.fits,u',939,3418,-1,-1,2,,,,889,3318,2842,889,42.63,13.34,-3.57,-25.70,25.94,-11.1,0.00409,26397,99.4,,,,
,THROUGHPUT_HORIZ_U_FIEGE9238.fits,u',651,3418,-1,-1,2,,,,601,3318,2842,601,42.63,9.02,-3.57,-30.02,30.23,-11.2,0.00378,29108,101.2,,,,
,THROUGHPUT_HORIZ_U_FIEGE9239.fits,u',372,3418,-1,-1,2,,,,322,3318,2842,322,42.63,4.83,-3.57,-34.20,34.39,-11.0,0.00469,24357,105.2,,,,
,THROUGHPUT_HORIZ_U_FIEGE9240.fits,u',84,3410,-1,-1,2,,,,34,3310,2850,34,42.75,0.51,-3.45,-38.52,38.67,nan,nan,nan,nan,,,,
,THROUGHPUT_HORIZ_U_FIEGE92_guide_41.fits,u',961,149,-1,-1,3,,,,961,133,1931,-71,28.97,-1.07,-4.01,-42.50,42.68,-11.1,0.00348,27874,89.3,,,,
,THROUGHPUT_HORIZ_U_FIEGE92_guide_42.fits,u',668,143,-1,-1,3,,,,668,127,1937,-364,29.06,-5.46,-3.92,-46.89,47.05,-11.1,0.00346,28717,91.5,,,,
,THROUGHPUT_HORIZ_U_FIEGE92_guide_43.fits,u',376,146,-1,-1,3,,,,376,130,1934,-656,29.01,-9.84,-3.96,-51.27,51.42,-11.2,0.00351,28872,93.4,,,,
,THROUGHPUT_HORIZ_U_FIEGE92_guide_44.fits,u',373,433,-1,-1,3,,,,373,417,1647,-659,24.71,-9.89,-8.27,-51.32,51.98,-11.2,0.00334,30273,93.2,,,,
,THROUGHPUT_HORIZ_U_FIEGE92_guide_45.fits,u',367,720,-1,-1,3,,,,367,704,1360,-665,20.40,-9.98,-12.57,-51.41,52.92,-11.2,0.00338,29467,91.9,,,,
,THROUGHPUT_HORIZ_U_FIEGE92_guide_46.fits,u',359,1004,-1,-1,3,,,,359,988,1076,-673,16.14,-10.10,-16.83,-51.53,54.20,-11.2,0.00347,29023,92.9,,,,
,THROUGHPUT_HORIZ_U_FIEGE92_guide_47.fits,u',356,1294,-1,-1,3,,,,356,1278,786,-676,11.79,-10.14,-21.18,-51.57,55.75,-11.2,0.00328,31540,95.3,,,,
,THROUGHPUT_HORIZ_U_FIEGE92_guide_48.fits,u',348,1583,-1,-1,3,,,,348,1567,497,-684,7.46,-10.26,-25.52,-51.69,57.64,-11.3,0.00312,33397,96.0,,,,
,THROUGHPUT_HORIZ_U_FIEGE92_guide_49.fits,u',339,1873,-1,-1,3,,,,339,1857,207,-693,3.11,-10.40,-29.87,-51.83,59.81,-11.2,0.00326,31489,94.5,,,,
Observation date: 27th April 2018,,Calibration files: 27thApr/Cals/,,,-1,-1,,,,,,,,,,,,,,,,,,,,,
27thApr/Hz43/horizontalTestR,THROUGHPUT_HORIZ_R_HZ43_18.fits,r',6145,3366,-1,-1,2,Horizonal test,,,6095,3366,2794,6095,41.91,91.43,-4.29,52.40,52.57,-13.0,0.00128,164182,194.1,,,,
,THROUGHPUT_HORIZ_R_HZ43_19.fits,r',5851,3361,-1,-1,2,,,,5801,3361,2799,5801,41.99,87.02,-4.22,47.99,48.17,-12.8,0.00149,131950,181.6,,,,
,THROUGHPUT_HORIZ_R_HZ43_20.fits,r',5559,3356,-1,-1,2,,,,5509,3356,2804,5509,42.06,82.64,-4.14,43.61,43.80,-12.8,0.00148,134513,183.3,,,,
,THROUGHPUT_HORIZ_R_HZ43_21.fits,r',5270,3352,-1,-1,2,,,,5220,3352,2808,5220,42.12,78.30,-4.08,39.27,39.48,-13.0,0.00134,153015,189.5,,,,
,THROUGHPUT_HORIZ_R_HZ43_22.fits,r',4987,3345,-1,-1,2,,,,4937,3345,2815,4937,42.23,74.06,-3.98,35.03,35.25,-13.0,0.00133,155334,189.8,,,,
,THROUGHPUT_HORIZ_R_HZ43_23.fits,r',4697,3341,-1,-1,2,,,,4647,3341,2819,4647,42.29,69.71,-3.92,30.68,30.92,-12.9,0.00139,145329,186.2,,,,
,THROUGHPUT_HORIZ_R_HZ43_24.fits,r',4411,3333,-1,-1,2,,,,4361,3333,2827,4361,42.41,65.42,-3.80,26.39,26.66,-12.9,0.00140,144270,185.8,,,,
,THROUGHPUT_HORIZ_R_HZ43_25.fits,r',4127,3329,-1,-1,2,,,,4077,3329,2831,4077,42.47,61.16,-3.74,22.13,22.44,-12.9,0.00141,143373,185.5,,,,
,THROUGHPUT_HORIZ_R_HZ43_26.fits,r',3847,3323,-1,-1,2,,,,3797,3323,2837,3797,42.56,56.96,-3.65,17.93,18.29,-12.9,0.00141,142693,185.5,,,,
,THROUGHPUT_HORIZ_R_HZ43_27.fits,r',3563,3317,-1,-1,2,,,,3513,3317,2843,3513,42.65,52.70,-3.56,13.67,14.12,-12.9,0.00139,144285,185.4,,,,
,THROUGHPUT_HORIZ_R_HZ43_28.fits,r',3281,3313,-1,-1,2,,,,3231,3313,2847,3231,42.71,48.47,-3.50,9.44,10.06,-12.9,0.00144,139733,184.9,,,,
,THROUGHPUT_HORIZ_R_HZ43_29.fits,r',2999,3307,-1,-1,2,,,,2949,3307,2853,2949,42.80,44.24,-3.41,5.21,6.22,-12.9,0.00141,143357,186.8,,,,
,THROUGHPUT_HORIZ_R_HZ43_30.fits,r',2717,3303,-1,-1,2,,,,2667,3303,2857,2667,42.86,40.01,-3.35,0.97,3.48,-12.8,0.00148,134313,182.6,,,,
,THROUGHPUT_HORIZ_R_HZ43_31.fits,r',2439,3297,-1,-1,2,,,,2389,3297,2863,2389,42.95,35.84,-3.26,-3.20,4.56,-12.9,0.00142,142094,185.8,,,,
,THROUGHPUT_HORIZ_R_HZ43_32.fits,r',2157,3293,-1,-1,2,,,,2107,3293,2867,2107,43.01,31.61,-3.20,-7.43,8.08,-12.9,0.00139,145238,185.9,,,,
,THROUGHPUT_HORIZ_R_HZ43_33.fits,r',1873,3289,-1,-1,2,,,,1823,3289,2871,1823,43.07,27.35,-3.14,-11.69,12.10,-12.9,0.00142,140746,184.3,,,,
,THROUGHPUT_HORIZ_R_HZ43_34.fits,r',1593,3283,-1,-1,2,,,,1543,3283,2877,1543,43.16,23.15,-3.05,-15.89,16.17,-12.6,0.00173,112810,179.9,,,,
,THROUGHPUT_HORIZ_R_HZ43_35.fits,r',1309,3280,-1,-1,2,,,,1259,3280,2880,1259,43.20,18.89,-3.00,-20.15,20.37,-13.0,0.00133,154384,188.5,,,,
,THROUGHPUT_HORIZ_R_HZ43_36.fits,r',1021,3275,-1,-1,2,,,,971,3275,2885,971,43.28,14.57,-2.93,-24.47,24.64,-12.8,0.00149,131162,179.9,,,,
,THROUGHPUT_HORIZ_R_HZ43_37.fits,r',740,3272,-1,-1,2,,,,690,3272,2888,690,43.32,10.35,-2.88,-28.68,28.82,-13.0,0.00133,153904,188.9,,,,
,THROUGHPUT_HORIZ_R_HZ43_38.fits,r',454,3267,-1,-1,2,,,,404,3267,2893,404,43.40,6.06,-2.81,-32.97,33.09,-13.0,0.00133,153498,188.4,,,,
,THROUGHPUT_HORIZ_R_HZ43__guide_40.fits,r',465,93,-1,-1,3,,,,465,77,1987,-567,29.81,-8.51,-3.17,-49.94,50.04,-12.7,0.00222,120294,245.9,,,,
,THROUGHPUT_HORIZ_R_HZ43__guide_41.fits,r',462,378,-1,-1,3,,,,462,362,1702,-570,25.53,-8.55,-7.44,-49.98,50.53,-12.8,0.00197,128679,233.6,,,,
,THROUGHPUT_HORIZ_R_HZ43__guide_42.fits,r',456,666,-1,-1,3,,,,456,650,1414,-576,21.21,-8.64,-11.76,-50.07,51.43,-12.8,0.00194,129850,232.1,,,,
,THROUGHPUT_HORIZ_R_HZ43__guide_43.fits,r',450,951,-1,-1,3,,,,450,935,1129,-582,16.94,-8.73,-16.04,-50.16,52.66,-12.8,0.00186,136308,232.9,,,,
,THROUGHPUT_HORIZ_R_HZ43__guide_44.fits,r',445,1242,-1,-1,3,,,,445,1226,838,-587,12.57,-8.81,-20.40,-50.24,54.22,-12.8,0.00197,129042,234.1,,,,
,THROUGHPUT_HORIZ_R_HZ43__guide_45.fits,r',439,1530,-1,-1,3,,,,439,1514,550,-593,8.25,-8.90,-24.72,-50.33,56.07,-12.7,0.00210,120882,234.2,,,,
,THROUGHPUT_HORIZ_R_HZ43__guide_46.fits,r',427,1818,-1,-1,3,,,,427,1802,262,-605,3.93,-9.08,-29.04,-50.51,58.26,-12.8,0.00198,127310,232.6,,,,
27thApr/Hz43/horizontalTestU,THROUGHPUT_HORIZ_U_HZ43_4.fits,u',6125,3295,-1,-1,2,Horizontal test,,,6075,3295,2865,6075,42.98,91.13,-3.23,52.10,52.19,-10.1,0.00762,11181,78.5,,,,
,THROUGHPUT_HORIZ_U_HZ43_5.fits,u',5829,3288,-1,-1,2,,,,5779,3288,2872,5779,43.08,86.69,-3.12,47.66,47.76,-10.0,0.00824,10183,77.3,,,,
,THROUGHPUT_HORIZ_U_HZ43_6.fits,u',5542,3281,-1,-1,2,,,,5492,3281,2879,5492,43.19,82.38,-3.02,43.35,43.45,-10.0,0.00849,10338,80.9,,,,
,THROUGHPUT_HORIZ_U_HZ43_7.fits,u',5252,3277,-1,-1,2,,,,5202,3277,2883,5202,43.25,78.03,-2.96,39.00,39.11,-9.9,0.00938,8987,77.6,,,,
,THROUGHPUT_HORIZ_U_HZ43_8.fits,u',4961,3273,-1,-1,2,,,,4911,3273,2887,4911,43.31,73.67,-2.90,34.64,34.76,-9.6,0.01459,6937,93.2,,,,
,THROUGHPUT_HORIZ_U_HZ43_9.fits,u',4679,3267,-1,-1,2,,,,4629,3267,2893,4629,43.40,69.44,-2.81,30.41,30.53,-9.7,0.01124,7387,76.5,,,,
,THROUGHPUT_HORIZ_U_HZ43_10.fits,u',4393,3261,-1,-1,2,,,,4343,3261,2899,4343,43.49,65.15,-2.72,26.12,26.26,-9.5,0.01566,6512,93.9,,,,
,THROUGHPUT_HORIZ_U_HZ43_11.fits,u',4109,3257,-1,-1,2,,,,4059,3257,2903,4059,43.55,60.89,-2.66,21.86,22.02,-9.4,0.01762,5907,95.9,,,,
,THROUGHPUT_HORIZ_U_HZ43_12.fits,u',3827,3249,-1,-1,2,,,,3777,3249,2911,3777,43.67,56.66,-2.54,17.63,17.81,-9.4,0.01917,5625,99.3,,,,
,THROUGHPUT_HORIZ_U_HZ43_13.fits,u',3543,3249,-1,-1,2,,,,3493,3249,2911,3493,43.67,52.40,-2.54,13.37,13.60,-9.2,0.01738,4768,76.3,,,,
,THROUGHPUT_HORIZ_U_HZ43_14.fits,u',3263,3241,-1,-1,2,,,,3213,3241,2919,3213,43.79,48.20,-2.42,9.17,9.48,-9.2,0.02186,4874,98.2,,,,
,THROUGHPUT_HORIZ_U_HZ43_15.fits,u',2981,3237,-1,-1,2,,,,2931,3237,2923,2931,43.85,43.97,-2.36,4.94,5.47,-9.1,0.01885,4479,77.7,,,,
,THROUGHPUT_HORIZ_U_HZ43_16.fits,u',2701,3233,-1,-1,2,,,,2651,3233,2927,2651,43.91,39.77,-2.30,0.73,2.41,-9.1,0.02074,4325,82.6,,,,
,THROUGHPUT_HORIZ_U_HZ43_17.fits,u',2417,3229,-1,-1,2,,,,2367,3229,2931,2367,43.97,35.51,-2.24,-3.53,4.17,-9.1,0.01970,4215,76.5,,,,
,THROUGHPUT_HORIZ_U_HZ43_18.fits,u',2137,3221,-1,-1,2,,,,2087,3221,2939,2087,44.09,31.31,-2.12,-7.73,8.01,-9.2,0.01831,4678,78.9,,,,
,THROUGHPUT_HORIZ_U_HZ43_19.fits,u',1853,3219,-1,-1,2,,,,1803,3219,2941,1803,44.12,27.05,-2.09,-11.99,12.17,-9.1,0.02478,4381,100.0,,,,
,THROUGHPUT_HORIZ_U_HZ43_20.fits,u',1575,3217,-1,-1,2,,,,1525,3217,2943,1525,44.15,22.88,-2.06,-16.16,16.29,-9.1,0.02064,4243,80.7,,,,
,THROUGHPUT_HORIZ_U_HZ43_21.fits,u',1287,3211,-1,-1,2,,,,1237,3211,2949,1237,44.24,18.56,-1.97,-20.48,20.57,-9.2,0.01792,4937,81.5,,,,
,THROUGHPUT_HORIZ_U_HZ43_22.fits,u',1007,3208,-1,-1,2,,,,957,3208,2952,957,44.28,14.36,-1.92,-24.68,24.75,-9.2,0.01735,4855,77.6,,,,
,THROUGHPUT_HORIZ_U_HZ43_23.fits,u',721,3202,-1,-1,2,,,,671,3202,2958,671,44.37,10.07,-1.83,-28.97,29.02,-9.4,0.01518,5643,78.9,,,,
,THROUGHPUT_HORIZ_U_HZ43_24.fits,u',440,3196,-1,-1,2,,,,390,3196,2964,390,44.46,5.85,-1.74,-33.18,33.23,-9.5,0.01373,6161,77.9,,,,
,THROUGHPUT_HORIZ_U_HZ43__guide_27.fits,u',450,309,-1,-1,3,,,,450,293,1771,-582,26.57,-8.73,-6.41,-50.16,50.57,-9.6,0.01422,6998,91.7,,,,
,THROUGHPUT_HORIZ_U_HZ43__guide_28.fits,u',445,594,-1,-1,3,,,,445,578,1486,-587,22.29,-8.81,-10.68,-50.24,51.36,-9.7,0.01277,7609,89.5,,,,
,THROUGHPUT_HORIZ_U_HZ43__guide_29.fits,u',436,882,-1,-1,3,,,,436,866,1198,-596,17.97,-8.94,-15.00,-50.37,52.56,-9.7,0.01254,7814,90.3,,,,
,THROUGHPUT_HORIZ_U_HZ43__guide_30.fits,u',433,1170,-1,-1,3,,,,433,1154,910,-599,13.65,-8.99,-19.32,-50.42,53.99,-9.7,0.01312,7493,90.6,,,,
,THROUGHPUT_HORIZ_U_HZ43__guide_31.fits,u',421,1458,-1,-1,3,,,,421,1442,622,-611,9.33,-9.17,-23.64,-50.60,55.85,-9.8,0.01194,8265,90.9,,,,
,THROUGHPUT_HORIZ_U_HZ43__guide_32.fits,u',416,1746,-1,-1,3,,,,416,1730,334,-616,5.01,-9.24,-27.96,-50.67,57.87,-9.7,0.01318,7868,95.5,,,,
27thApr/Feige92/horizontalTestU,THROUGHPUT_HORIZ_U_FEIGE92_4.fits,u',6103,3430,-1,-1,2,Horizontal test,,,6053,3430,2730,6053,40.95,90.80,-5.25,51.77,52.03,-10.7,0.00541,19059,94.9,,,,
,THROUGHPUT_HORIZ_U_FEIGE92_5.fits,u',5812,3422,-1,-1,2,,,,5762,3422,2738,5762,41.07,86.43,-5.13,47.40,47.68,-10.6,0.00626,17307,99.8,,,,
,THROUGHPUT_HORIZ_U_FEIGE92_6.fits,u',5520,3422,-1,-1,2,,,,5470,3422,2738,5470,41.07,82.05,-5.13,43.02,43.32,-10.5,0.00634,16102,94.0,,,,
,THROUGHPUT_HORIZ_U_FEIGE92_7.fits,u',5229,3414,-1,-1,2,,,,5179,3414,2746,5179,41.19,77.69,-5.01,38.66,38.98,-10.2,0.00921,12018,102.0,,,,
,THROUGHPUT_HORIZ_U_FEIGE92_8.fits,u',4946,3405,-1,-1,2,,,,4896,3405,2755,4896,41.33,73.44,-4.88,34.41,34.75,-10.4,0.00812,13813,103.3,,,,
,THROUGHPUT_HORIZ_U_FEIGE92_9.fits,u',4654,3405,-1,-1,2,,,,4604,3405,2755,4604,41.33,69.06,-4.88,30.03,30.42,-10.0,0.01111,10195,104.3,,,,
,THROUGHPUT_HORIZ_U_FEIGE92_10.fits,u',4371,3397,-1,-1,2,,,,4321,3397,2763,4321,41.45,64.82,-4.76,25.79,26.22,-10.1,0.01023,10487,98.8,,,,
,THROUGHPUT_HORIZ_U_FEIGE92_11.fits,u',4088,3389,-1,-1,2,,,,4038,3389,2771,4038,41.57,60.57,-4.64,21.54,22.03,-10.0,0.01101,10235,103.8,,,,
,THROUGHPUT_HORIZ_U_FEIGE92_12.fits,u',3805,3389,-1,-1,2,,,,3755,3389,2771,3755,41.57,56.33,-4.64,17.30,17.91,-9.8,0.01625,8708,130.3,,,,
,THROUGHPUT_HORIZ_U_FEIGE92_13.fits,u',3522,3380,-1,-1,2,,,,3472,3380,2780,3472,41.70,52.08,-4.50,13.05,13.80,-9.9,0.01247,8901,102.2,,,,
,THROUGHPUT_HORIZ_U_FEIGE92_14.fits,u',3239,3380,-1,-1,2,,,,3189,3380,2780,3189,41.70,47.84,-4.50,8.81,9.89,-9.8,0.01739,8658,138.7,,,,
,THROUGHPUT_HORIZ_U_FEIGE92_15.fits,u',2964,3372,-1,-1,2,,,,2914,3372,2788,2914,41.82,43.71,-4.38,4.68,6.41,-9.9,0.01146,9369,98.9,,,,
,THROUGHPUT_HORIZ_U_FEIGE92_16.fits,u',2681,3372,-1,-1,2,,,,2631,3372,2788,2631,41.82,39.47,-4.38,0.43,4.40,-9.8,0.01341,7987,98.6,,,,
,THROUGHPUT_HORIZ_U_FEIGE92_17.fits,u',2398,3364,-1,-1,2,,,,2348,3364,2796,2348,41.94,35.22,-4.26,-3.81,5.72,-9.8,0.01318,8226,99.9,,,,
,THROUGHPUT_HORIZ_U_FEIGE92_18.fits,u',2115,3364,-1,-1,2,,,,2065,3364,2796,2065,41.94,30.98,-4.26,-8.06,9.11,-9.8,0.01322,8118,98.8,,,,
,THROUGHPUT_HORIZ_U_FEIGE92_19.fits,u',1832,3355,-1,-1,2,,,,1782,3355,2805,1782,42.08,26.73,-4.13,-12.30,12.97,-9.8,0.01997,8188,150.6,,,,
,THROUGHPUT_HORIZ_U_FEIGE92_20.fits,u',1549,3355,-1,-1,2,,,,1499,3355,2805,1499,42.08,22.49,-4.13,-16.55,17.05,-9.6,0.02604,7046,169.0,,,,
,THROUGHPUT_HORIZ_U_FEIGE92_21.fits,u',1274,3347,-1,-1,2,,,,1224,3347,2813,1224,42.20,18.36,-4.01,-20.67,21.05,-9.9,0.01672,8747,134.7,,,,
,THROUGHPUT_HORIZ_U_FEIGE92_22.fits,u',983,3347,-1,-1,2,,,,933,3347,2813,933,42.20,14.00,-4.01,-25.04,25.35,-9.9,0.02033,8835,165.4,,,,
,THROUGHPUT_HORIZ_U_FEIGE92_23.fits,u',700,3339,-1,-1,2,,,,650,3339,2821,650,42.32,9.75,-3.89,-29.28,29.54,-10.0,0.01305,9646,115.9,,,,
,THROUGHPUT_HORIZ_U_FEIGE92_24.fits,u',417,3339,-1,-1,2,,,,367,3339,2821,367,42.32,5.51,-3.89,-33.53,33.75,-10.1,0.01082,10579,105.4,,,,
,THROUGHPUT_HORIZ_U_FEIGE92__guide_26.fits,u',427,169,-1,-1,3,,,,427,153,1911,-605,28.67,-9.08,-4.31,-50.51,50.69,-10.3,0.01006,13116,121.5,,,,
,THROUGHPUT_HORIZ_U_FEIGE92__guide_27.fits,u',421,458,-1,-1,3,,,,421,442,1622,-611,24.33,-9.17,-8.64,-50.60,51.33,-10.4,0.00805,14209,105.3,,,,
,THROUGHPUT_HORIZ_U_FEIGE92__guide_28.fits,u',415,742,-1,-1,3,,,,415,726,1338,-617,20.07,-9.26,-12.90,-50.69,52.30,-10.4,0.00808,14432,107.4,,,,
,THROUGHPUT_HORIZ_U_FEIGE92__guide_29.fits,u',410,1032,-1,-1,3,,,,410,1016,1048,-622,15.72,-9.33,-17.25,-50.76,53.61,-10.5,0.00873,15189,122.2,,,,
,THROUGHPUT_HORIZ_U_FEIGE92__guide_30.fits,u',401,1319,-1,-1,3,,,,401,1303,761,-631,11.42,-9.47,-21.56,-50.90,55.27,-10.6,0.00662,16645,101.4,,,,
,THROUGHPUT_HORIZ_U_FEIGE92__guide_31.fits,u',396,1609,-1,-1,3,,,,396,1593,471,-636,7.07,-9.54,-25.91,-50.97,57.18,-10.5,0.00671,16472,101.8,,,,
,THROUGHPUT_HORIZ_U_FEIGE92__guide_32.fits,u',387,1898,-1,-1,3,,,,387,1882,182,-645,2.73,-9.68,-30.24,-51.11,59.38,-10.6,0.00711,16749,109.7,,,,
27thApr/Ross627/diagonalTestU,THROUGHPUT_TEST_U_6.fits,u',6155,122,-1,-1,2,Diagonal test,,,6105,122,6038,6105,90.57,91.58,44.37,52.55,68.77,-8.3,0.03638,2044,68.5,,,,
,THROUGHPUT_TEST_U_7.fits,u',5842,421,-1,-1,2,,,,5792,421,5739,5792,86.09,86.88,39.89,47.85,62.29,-8.3,0.03473,2025,64.8,,,,
,THROUGHPUT_TEST_U_8.fits,u',5540,714,-1,-1,2,,,,5490,714,5446,5490,81.69,82.35,35.49,43.32,56.00,-8.3,0.03548,2049,67.0,,,,
,THROUGHPUT_TEST_U_9.fits,u',5235,1005,-1,-1,2,,,,5185,1005,5155,5185,77.33,77.78,31.13,38.75,49.70,-8.3,0.03530,2068,67.2,,,,
,THROUGHPUT_TEST_U_10.fits,u',4939,1288,-1,-1,2,,,,4889,1288,4872,4889,73.08,73.34,26.88,34.31,43.58,-8.3,0.03512,2085,67.4,,,,
,THROUGHPUT_TEST_U_11.fits,u',4645,1573,-1,-1,2,,,,4595,1573,4587,4595,68.81,68.93,22.61,29.90,37.48,-8.3,0.03552,2073,67.8,,,,
,THROUGHPUT_TEST_U_12.fits,u',4355,1853,-1,-1,2,,,,4305,1853,4307,4305,64.61,64.58,18.41,25.55,31.48,-8.3,0.03574,2042,67.2,,,,
,THROUGHPUT_TEST_U_13.fits,u',4063,2133,-1,-1,2,,,,4013,2133,4027,4013,60.41,60.20,14.21,21.17,25.49,-8.3,0.03665,2005,67.7,,,,
,THROUGHPUT_TEST_U_14.fits,u',3775,2413,-1,-1,2,,,,3725,2413,3747,3725,56.21,55.88,10.01,16.85,19.59,-8.2,0.03902,1919,69.0,,,,
,THROUGHPUT_TEST_U_15.fits,u',3487,2689,-1,-1,2,,,,3437,2689,3471,3437,52.07,51.56,5.87,12.53,13.83,-8.2,0.03868,1961,69.9,,,,
,THROUGHPUT_TEST_U_16.fits,u',3199,2969,-1,-1,2,,,,3149,2969,3191,3149,47.87,47.24,1.66,8.21,8.37,-8.2,0.03974,1912,70.0,,,,
,THROUGHPUT_TEST_U_17.fits,u',2911,3245,-1,-1,2,,,,2861,3245,2915,2861,43.73,42.92,-2.48,3.89,4.61,-8.2,0.03998,1888,69.5,,,,
,THROUGHPUT_TEST_U_18.fits,u',2627,3521,-1,-1,2,,,,2577,3521,2639,2577,39.59,38.66,-6.62,-0.38,6.63,-8.2,0.04016,1930,71.4,,,,
,THROUGHPUT_TEST_U_19.fits,u',2339,3801,-1,-1,2,,,,2289,3801,2359,2289,35.39,34.34,-10.82,-4.70,11.79,-8.2,0.03907,1942,69.9,,,,
,THROUGHPUT_TEST_U_20.fits,u',2055,4077,-1,-1,2,,,,2005,4077,2083,2005,31.25,30.08,-14.96,-8.96,17.43,-8.2,0.03964,1871,68.3,,,,
,THROUGHPUT_TEST_U_21.fits,u',1767,4353,-1,-1,2,,,,1717,4353,1807,1717,27.11,25.76,-19.10,-13.28,23.26,-8.2,0.03820,1962,69.0,,,,
,THROUGHPUT_TEST_U_22.fits,u',1479,4636,-1,-1,2,,,,1429,4636,1524,1429,22.86,21.44,-23.34,-17.60,29.23,-8.3,0.03753,2000,69.1,,,,
,THROUGHPUT_TEST_U_23.fits,u',1189,4918,-1,-1,2,,,,1139,4918,1242,1139,18.63,17.09,-27.57,-21.95,35.24,-8.2,0.03637,1970,66.0,,,,
,THROUGHPUT_TEST_U_24.fits,u',898,5205,-1,-1,2,,,,848,5205,955,848,14.33,12.72,-31.88,-26.31,41.33,-8.2,0.04047,1841,68.6,,,,
,THROUGHPUT_TEST_U_25.fits,u',597,5488,-1,-1,2,,,,547,5488,672,547,10.08,8.21,-36.12,-30.83,47.49,-8.2,0.03753,1945,67.2,,,,
,THROUGHPUT_TEST_U_26.fits,u',300,5781,-1,-1,2,,,,250,5781,379,250,5.69,3.75,-40.52,-35.28,53.72,-8.3,0.03605,2052,68.1,,,,
27thApr/Ross627/horizontalTestU,THROUGHPUT_HORIZ_U_ROSS627_B_22.fits,u',6083,3325,-1,-1,2,Horizontal test,,,6033,3325,2835,6033,42.53,90.50,-3.68,51.47,51.60,-8.2,0.03733,1929,66.3,,,,
,THROUGHPUT_HORIZ_U_ROSS627_B_23.fits,u',5791,3321,-1,-1,2,,,,5741,3321,2839,5741,42.59,86.12,-3.62,47.09,47.22,-8.1,0.03969,1798,65.7,,,,
,THROUGHPUT_HORIZ_U_ROSS627_B_24.fits,u',5499,3317,-1,-1,2,,,,5449,3317,2843,5449,42.65,81.74,-3.56,42.71,42.85,-8.2,0.03690,1948,66.2,,,,
,THROUGHPUT_HORIZ_U_ROSS627_B_25.fits,u',5207,3309,-1,-1,2,,,,5157,3309,2851,5157,42.77,77.36,-3.44,38.33,38.48,-8.2,0.03719,1952,66.9,,,,
,THROUGHPUT_HORIZ_U_ROSS627_B_26.fits,u',4923,3305,-1,-1,2,,,,4873,3305,2855,4873,42.83,73.10,-3.38,34.07,34.23,-8.2,0.03902,1879,67.5,,,,
,THROUGHPUT_HORIZ_U_ROSS627_B_27.fits,u',4639,3301,-1,-1,2,,,,4589,3301,2859,4589,42.89,68.84,-3.32,29.81,29.99,-8.2,0.03942,1890,68.6,,,,
,THROUGHPUT_HORIZ_U_ROSS627_B_28.fits,u',4355,3297,-1,-1,2,,,,4305,3297,2863,4305,42.95,64.58,-3.26,25.55,25.75,-8.2,0.03911,1917,69.1,,,,
,THROUGHPUT_HORIZ_U_ROSS627_B_29.fits,u',4071,3289,-1,-1,2,,,,4021,3289,2871,4021,43.07,60.32,-3.14,21.29,21.51,-8.1,0.04183,1817,70.0,,,,
,THROUGHPUT_HORIZ_U_ROSS627_B_30.fits,u',3787,3285,-1,-1,2,,,,3737,3285,2875,3737,43.13,56.06,-3.08,17.03,17.30,-8.2,0.04078,1858,69.8,,,,
,THROUGHPUT_HORIZ_U_ROSS627_B_31.fits,u',3503,3281,-1,-1,2,,,,3453,3281,2879,3453,43.19,51.80,-3.02,12.77,13.12,-8.1,0.04427,1708,69.6,,,,
,THROUGHPUT_HORIZ_U_ROSS627_B_32.fits,u',3219,3273,-1,-1,2,,,,3169,3273,2887,3169,43.31,47.54,-2.90,8.51,8.98,-8.1,0.04216,1796,69.8,,,,
,THROUGHPUT_HORIZ_U_ROSS627_B_33.fits,u',2939,3269,-1,-1,2,,,,2889,3269,2891,2889,43.37,43.34,-2.84,4.31,5.15,-8.1,0.04418,1773,72.2,,,,
,THROUGHPUT_HORIZ_U_ROSS627_B_34.fits,u',2659,3265,-1,-1,2,,,,2609,3265,2895,2609,43.43,39.14,-2.78,0.10,2.78,-8.1,0.04424,1752,71.4,,,,
,THROUGHPUT_HORIZ_U_ROSS627_B_35.fits,u',2375,3261,-1,-1,2,,,,2325,3261,2899,2325,43.49,34.88,-2.72,-4.16,4.96,-8.1,0.04666,1691,72.7,,,,
,THROUGHPUT_HORIZ_U_ROSS627_B_36.fits,u',2095,3253,-1,-1,2,,,,2045,3253,2907,2045,43.61,30.68,-2.60,-8.36,8.75,-8.1,0.04597,1711,72.5,,,,
,THROUGHPUT_HORIZ_U_ROSS627_B_37.fits,u',1815,3249,-1,-1,2,,,,1765,3249,2911,1765,43.67,26.48,-2.54,-12.56,12.81,-8.1,0.04356,1796,72.1,,,,
,THROUGHPUT_HORIZ_U_ROSS627_B_38.fits,u',1531,3245,-1,-1,2,,,,1481,3245,2915,1481,43.73,22.22,-2.48,-16.82,17.00,-8.2,0.04308,1839,73.0,,,,
,THROUGHPUT_HORIZ_U_ROSS627_B_39.fits,u',1247,3241,-1,-1,2,,,,1197,3241,2919,1197,43.79,17.96,-2.42,-21.08,21.21,-8.1,0.04434,1746,71.3,,,,
,THROUGHPUT_HORIZ_U_ROSS627_B_40.fits,u',967,3237,-1,-1,2,,,,917,3237,2923,917,43.85,13.76,-2.36,-25.28,25.38,-8.1,0.04317,1789,71.1,,,,
,THROUGHPUT_HORIZ_U_ROSS627_B_41.fits,u',679,3233,-1,-1,2,,,,629,3233,2927,629,43.91,9.44,-2.30,-29.60,29.68,-8.1,0.04245,1801,70.4,,,,
,THROUGHPUT_HORIZ_U_ROSS627_B_42.fits,u',395,3225,-1,-1,2,,,,345,3225,2935,345,44.03,5.18,-2.18,-33.86,33.92,-8.2,0.03963,1891,69.0,,,,
,THROUGHPUT_HORIZ_U_ROSS627_B__guide_43.fits,u',985,57,-1,-1,3,,,,985,41,2023,-47,30.35,-0.71,-2.63,-42.14,42.22,-8.1,0.13388,1755,216.4,,,,
,THROUGHPUT_HORIZ_U_ROSS627_B__guide_44.fits,u',405,49,-1,-1,3,,,,405,33,2031,-627,30.47,-9.41,-2.51,-50.84,50.90,-8.2,0.14156,1886,245.9,,,,
,THROUGHPUT_HORIZ_U_ROSS627_B__guide_45.fits,u',398,337,-1,-1,3,,,,398,321,1743,-634,26.15,-9.51,-6.83,-50.94,51.40,-8.2,0.04786,1874,82.6,,,,
,THROUGHPUT_HORIZ_U_ROSS627_B__guide_46.fits,u',396,624,-1,-1,3,,,,396,608,1456,-636,21.84,-9.54,-11.13,-50.97,52.17,-8.2,0.04814,1847,81.9,,,,
,THROUGHPUT_HORIZ_U_ROSS627_B__guide_47.fits,u',390,911,-1,-1,3,,,,390,895,1169,-642,17.54,-9.63,-15.44,-51.06,53.34,-8.2,0.04798,1835,81.1,,,,
,THROUGHPUT_HORIZ_U_ROSS627_B__guide_48.fits,u',382,1198,-1,-1,3,,,,382,1182,882,-650,13.23,-9.75,-19.74,-51.18,54.85,-8.2,0.04545,1883,78.8,,,,
,THROUGHPUT_HORIZ_U_ROSS627_B__guide_49.fits,u',376,1488,-1,-1,3,,,,376,1472,592,-656,8.88,-9.84,-24.09,-51.27,56.65,-8.2,0.04587,1925,81.3,,,,
,THROUGHPUT_HORIZ_U_ROSS627_B__guide_50.fits,u',359,1780,-1,-1,3,,,,359,1764,300,-673,4.50,-10.10,-28.47,-51.53,58.87,-8.2,0.04658,1925,82.6,,,,